Title,Date,Rating,Review
Excellent productivity boost,2024-03-15,5,"This app completely transformed how I manage my tasks. The interface is clean and intuitive, syncing across devices is seamless, and the notification system keeps me on track without being intrusive. Highly recommend!"
Disappointed with performance,2024-02-20,2,"While the features are good, the app constantly lags and crashes. It took 3 updates before basic functionality worked smoothly. The support team was unresponsive to my bug reports."
Best note-taking experience,2024-01-05,5,"This replaces Evernote perfectly. Markdown support, fast search, offline capability, and the pricing is reasonable. The free tier is generous enough for basic use."
Too expensive for features,2024-03-01,3,"$99/year seems excessive for a utility app. The features are solid but nothing justifies this premium pricing. Switched to a free alternative that does 80% of what I need."
Great for collaboration,2024-02-15,4,"Team loves using this for project management. Real-time updates, clear task assignment, and excellent reporting features. Only issue is occasional sync delays across meetings."
Buggy and frustrating,2024-01-25,2,"Every update introduces new bugs. The recent version won't even open on my iPad. Customer support suggests 'reinstalling' for the hundredth time. Looking for alternatives."
Perfect for remote work,2024-02-28,5,"As someone working across 4 time zones, this tool is invaluable. Clear communication threads, file sharing, and scheduling integration work seamlessly. The mobile app is exceptional."
Cluttered interface,2024-03-05,3,"Too many features crammed into the dashboard. Had to watch multiple tutorials just to accomplish basic tasks. Would benefit from better UX design with a cleaner layout."
Excellent customer support,2024-01-15,4,"Their support team responded within minutes to my issue. The AI chatbot is surprisingly helpful and actually understands context. Genuinely impressed with the support quality."
Performance issues on older devices,2024-02-10,2,"The app is a resource hog - battery drains quickly and it slows down my entire phone. Needs serious optimization for devices older than 2022 models."
Perfect minimalist design,2024-03-18,5,"Love the simplicity! Does one thing and does it well. No bloatware, no unnecessary features, just pure functionality. Finally an app developer that understands less is more."
Confusing pricing tiers,2024-01-20,1,"The pricing page is deliberately misleading about what's included in each plan. Subscribed to 'Pro' only to discover basic features require higher tier. Feels like a scam."
Worth every penny,2024-02-25,5,"Best software investment I've made. Pays for itself within a month through time savings. The automation features alone saved me hours of manual work."
Too many ads interrupting workflow,2024-03-08,3,"Every action triggers an ad or upsell popup. The free tier essentially forces you to pay just to use the app without constant interruptions. Intrusive monetization strategy."
Seamless integration ecosystem,2024-01-10,5,"Works flawlessly with all my other tools - Slack, Google Workspace, GitHub, you name it. The API documentation is excellent and integration was painless."
Terrible dark mode implementation,2024-02-08,3,"The dark mode has awful contrast - gray text on black background. Strains my eyes more than light mode. They really need to hire a designer for this."
Game-changing financial tool,2024-03-12,4,"Finally understand my spending patterns. The automatic categorization is 95% accurate, and the insights dashboard is genuinely useful. Small UI nitpicks don't detract from core value."
Poor privacy practices,2024-01-30,3,"Terms of service buried privacy concerns about data sharing. Updated privacy policy without notifying users. Switched to privacy-focused alternative."
Incredible security features,2024-02-18,5,"Military-grade encryption, biometric authentication, and automatic data wiping options. Security shouldn't be an afterthought and this app proves that."
Inconsistent updates break features,2024-03-03,2,"Third breaking change this month. Features that worked yesterday are suddenly gone. The development team seems to not test updates before releasing them."
Intuitive onboarding experience,2024-01-12,5,"Even my non-technical colleague was able to set up and start using without help. The interactive tutorial is the best I've seen for any software."
Bloated with unnecessary features,2024-02-22,4,"Good core functionality but surrounded by features nobody asked for. The app size is 500MB which seems excessive for what it does. Could be much more lightweight."
Updates often break existing workflows,2024-03-07,2,"Major update completely changed the UI without backward compatibility. Had to completely retrain my team on basic tasks. Poor change management practices."
Perfect for creative professionals,2024-01-23,5,"The rendering speed is incredible and the color grading tools are professional-grade. Industry standard for a reason - worth the investment for serious creators."
Subscription required after free trial,2024-02-12,2,"Started free but essential features locked behind paywall after 30 days. The 'Pro' features should be in the free tier for basic usage."
Outstanding documentation and tutorials,2024-03-20,5,"Their wiki and video tutorials are comprehensive and actually helpful. API docs are clear with practical examples. Developer-friendly approach throughout."
Memory leak causes crashes,2024-01-18,3,"App slowly consumes more memory until it crashes. Have to restart daily for it to function normally. Clearly needs serious optimization work."
Best-in-class automation,2024-02-27,5,"The workflow automation possibilities are endless. Saved hours setting up templates and automations. This is how productivity software should work."
Inferior to competitors,2024-03-02,2,"Paid for annual subscription and immediately regretted it. Competitors offer more features at half the price. Lesson learned in doing research before purchasing."
Lightning fast performance,2024-01-08,5,"Handles massive files without lag. Search returns results instantly. This is optimization done right - every interaction feels snappy and responsive."
Terrible customer service,2024-02-14,1,"Submitted ticket a month ago with no response. Their Twitter account says 'DM us' but those also go unanswered. Abandoned product with no support infrastructure."
Innovative use of AI,2024-03-16,5,"The AI-powered features actually work and provide real value - not just buzzword usage. Cuts my work time in half. Investing in AI tech that matters."
Overcomplicated for simple tasks,2024-01-28,3,"If you need basic functionality, this feels like overkill. Would benefit from a 'lite' version for simple use cases without all the advanced options."
Perfect for team communication,2024-02-05,5,"Replaced our email system entirely. Message threading, file organization, and search are superior to Gmail. Team collaboration has improved noticeably."
Deceptive free trial length,2024-03-11,2,"Advertised 30-day free trial but it's actually 7 days. Auto-charged without clear confirmation. Had to fight their customer service for a refund."
Excellent analytics dashboard,2024-01-13,4,"The insights visualizations are beautiful and informative. Can drill down to exact metrics needed. Dashboard customization is intuitive and flexible."
Outdated technology stack,2024-02-19,3,"The app feels like it was built in 2015. UI patterns are outdated and performance reflects the aging codebase. Could use a complete modernization."
Mission-critical reliability,2024-03-04,5,"Uptime has been 99.99% over the past year. Zero data loss, automatic backups work flawlessly. This is the gold standard for reliability in this category."
Login requires reauthorization constantly,2024-01-26,2,"Have to log in multiple times daily even with 'remember me' enabled. The session management is clearly broken and makes daily use annoying."
Perfect cross-platform experience,2024-02-23,5,"Using on desktop, tablet, and phone feels identical. Perfectly fluid transitions between devices. Cloud sync is instantaneous and reliable."
Interface design is dated,2024-03-09,2,"Uses skeuomorphic design that feels like it's from 2010. While functional, it looks amateur compared to modern design standards. Needs a complete visual refresh."
Essential tool for my workflow,2024-01-16,5,"This app integrates perfectly with my existing tools and eliminated manual data entry. ROI was immediate and the quality of life improvement is substantial."
Overwhelming amount of options,2024-02-09,3,"So many settings and configurations available - great for power users but paralyzing for normal users. Better presets and defaults could simplify onboarding."
Community is incredibly helpful,2024-03-17,5,"Forums are active with knowledgeable users. Company developers also participate in discussions. Learning from the community accelerates mastery of the tool."
Windows version is abandoned,2024-01-21,2,"Mac version is excellent but Windows version lags behind in features by 3+ versions. Feels like a second-class citizen as a Windows user."
Perfect workflow automation,2024-02-24,5,"Set up complex multi-step workflows without any coding. The visual workflow builder is intuitive and powerful. Saved dozens of hours on repetitive tasks."
Limited customization options,2024-03-06,2,"Everything comes with defaults you can't modify. Wanted different color scheme, shortcuts, and icons but options are extremely limited. Frustrating for personalization."
Excellent export functionality,2024-01-24,5,"Can export data in multiple formats - PDF, Excel, JSON, XML. The formatting options let me integrate with nearly any other system. Flexibility is outstanding."
Data export is locked behind paywall,2024-02-20,2,"Basic features are free but exporting your own data requires 'Premium'. This feels exploitative - your data should always be accessible."
Perfect for remote teams,2024-03-13,4,"Our distributed team of 15 coordinated flawlessly using this. Video conferencing is crisp, screen sharing works reliably. Completely replaced our previous tool."
Syncing issues between devices,2024-01-09,3,"Desktop and mobile versions don't always sync immediately. Sometimes have to manually refresh. Not critical but annoying for real-time work."
Revolutionary annotation tools,2024-02-22,5,"The collaborative annotation features are best-in-class. Multiple people can mark up documents simultaneously and see changes in real-time. Game-changing for review processes."
Mobile app has less functionality,2024-03-12,2,"Desktop version is feature-rich but mobile app is basically read-only. Defeats the purpose of having something with you everywhere."
Outstanding video tutorial library,2024-01-07,5,"Hundreds of videos covering everything from basics to advanced techniques. Production quality is high and presenters are engaging. Made mastery much more achievable."
Ads appear even in paid version,2024-02-21,3,"Paid for 'Pro' but still see ads and upsells. This predatory practice ruined what was otherwise a solid app."
Perfect for solo developers,2024-03-14,5,"Scales from my solo hobby project to serving thousands of requests. Free tier is genuinely generous. As I grow, pricing remains fair and predictable."
Poor documentation for advanced features,2024-01-25,3,"Basic functionality is documented but advanced features have minimal documentation. Had to dig through source code and forums to understand capabilities."
Exceptional accessibility features,2024-02-18,5,"Screen reader support is flawless, keyboard navigation works perfectly, high contrast mode is genuinely useful. Actually prioritizes disabled users - rare in software."
Bloated installer grows significantly,2024-03-03,2,"App is only 50MB but installer is 500MB with junk files. Installation process is slow and includes unnecessary bundled applications."
Perfect for visual learners,2024-01-26,5,"The interactive visualizations help concepts click immediately. Much better than reading documentation. Great app for learning complex material."
Performance degrades with large datasets,2024-02-15,2,"Works great with small amounts of data but becomes unusably slow with large datasets. The scaling limitations are a serious pain point."
Best team collaboration tool ever,2024-03-19,5,"Finally a tool where remote teams feel as connected as in-person teams. Video quality is excellent, lag is minimal, and the user experience is delightful."
Lacks basic keyboard shortcuts,2024-01-04,3,"Many common actions don't have keyboard shortcuts. Have to use mouse constantly which slows down workflow and worsens repetitive strain."
Intelligent recommendations engine,2024-02-12,5,"The AI recommendations are surprisingly accurate and actually save time. Gets better the more I use it - learns my preferences and patterns."
Recovery after crashes loses work,2024-03-08,2,"App crashes occasionally and doesn't recover properly - lost hours of work multiple times despite auto-save being enabled. Unacceptable for critical work."
Perfect minimalist approach,2024-01-19,5,"Perfectly realizes the 'do one thing well' philosophy. No bloat, no unnecessary features, just pure utility. Refreshing alternative to bloated competitors."
Requires unnecessary permissions,2024-02-16,2,"App requests location, contact, and calendar permissions for an app that doesn't need them. Privacy-invasive and makes me question their intentions."
Brilliant accessibility focus,2024-03-15,5,"They actually tested with people who use screen readers and accessibility tools. The result is software that welcomes all users - should be the standard."
Constant pressure to upgrade,2024-01-11,3,"Daily notifications about missing 'Pro' features. Pop-ups interrupt workflow. The monetization strategy is aggressive and off-putting."
Outstanding value for money,2024-02-28,5,"Costs less than a coffee per month but saves hours of work weekly. The ROI is immediately obvious. Best software purchase I've made in years."
Graphics rendering is buggy,2024-03-07,2,"Rendering glitches cause visual artifacts and slowdowns. Recent update made things worse. The graphics engine needs serious debugging and optimization."
Perfect for complex project management,2024-01-22,5,"Can handle complex dependency chains and resource allocation. The Gantt charts and burn down charts provide exactly the visibility we need. Worth the investment."
Settings reset after updates,2024-02-19,2,"Every update resets my carefully configured settings. No way to back them up. Incredibly frustrating to reconfigure everything from scratch each month."
Excellent backup and recovery,2024-03-18,5,"Automatic backups work flawlessly, point-in-time recovery is reliable, and restoration is painless. Have tested disaster recovery and was impressed."
Clunky notification system,2024-01-29,3,"Get notifications for everything, but no way to properly filter or customize them. Results in alert fatigue. Needs smart, contextual notifications."
Perfect grammar and spell check,2024-02-03,5,"Catches errors that other tools miss. The AI-powered suggestions are contextually accurate. Writing quality improved noticeably since using this tool."
Requires monthly subscriptions stacking,2024-03-06,2,"You need this base tool plus three extensions to have full functionality. Each is a monthly subscription. Ends up costing more than each competitor individually."
Outstanding learning resources,2024-01-17,5,"Webinars, documentation, tutorials, templates - all available and high quality. Their commitment to user education is evident and appreciated."
Confusing navigation structure,2024-02-14,3,"Can never remember where features are located. The menu organization doesn't match how I mentally model the application. Needs better information architecture."
Perfect task management system,2024-03-20,5,"The GTD-inspired system keeps everything organized beautifully. Recurring tasks, sub-tasks, and priority levels work exactly as needed. Simplified my life."
